PRAGMA foreign_keys=OFF;
BEGIN TRANSACTION;
INSERT INTO Brands VALUES('2af12ec2-18d8-45e6-aaff-b103024610b3','五粮液','2026-02-19 15:51:53.071 +00:00','2026-02-19 15:51:53.071 +00:00');
INSERT INTO Brands VALUES('1e49482a-0aa6-42a6-b918-b6eb58c36971','茅台','2026-02-19 15:51:53.071 +00:00','2026-02-19 15:51:53.071 +00:00');
INSERT INTO Brands VALUES('0eba3d84-d139-4fdf-87ac-685c4f3cffde','泸州老窖','2026-02-19 15:51:53.071 +00:00','2026-02-19 15:51:53.071 +00:00');
INSERT INTO Products VALUES('86ce8337-7081-4bcc-85e2-94a4968c7b88','八代五粮液','2af12ec2-18d8-45e6-aaff-b103024610b3',1,'瓶',724,820,2,'2026-02-19 15:51:53.084 +00:00','2026-02-19 15:51:53.084 +00:00');
INSERT INTO Products VALUES('484a0ed6-6ec2-4b3d-bac2-7687c0fcc7c1','八代五粮液原件','2af12ec2-18d8-45e6-aaff-b103024610b3',6,'箱',743.3300000000000409,820,1,'2026-02-19 15:51:53.084 +00:00','2026-02-19 15:51:53.084 +00:00');
INSERT INTO Products VALUES('ae8c9e7e-7e59-41fe-9442-fea24e1d4ba7','2026飞天茅台原箱','1e49482a-0aa6-42a6-b918-b6eb58c36971',6,'箱',1600,1800,1,'2026-02-19 15:51:53.084 +00:00','2026-02-19 15:51:53.084 +00:00');
INSERT INTO Products VALUES('ded664bc-a5c5-4b55-82d3-cef4f07ec058','泸州老窖特曲','0eba3d84-d139-4fdf-87ac-685c4f3cffde',1,'瓶',120,150,5,'2026-02-19 15:51:53.084 +00:00','2026-02-19 15:51:53.084 +00:00');
INSERT INTO Suppliers VALUES('78f18554-325f-422c-bc8e-ede18f9b3b4c','五粮液供应商','13800138001','2026-02-19 15:51:53.078 +00:00','2026-02-19 15:51:53.078 +00:00');
INSERT INTO Suppliers VALUES('f79f6696-0ac0-4cb2-95a4-5e46ac59fc4e','茅台供应商','13800138002','2026-02-19 15:51:53.078 +00:00','2026-02-19 15:51:53.078 +00:00');
INSERT INTO Suppliers VALUES('ae3ec403-5d41-4fcf-86d4-c9575a4a4635','泸州老窖供应商','13800138003','2026-02-19 15:51:53.078 +00:00','2026-02-19 15:51:53.078 +00:00');
INSERT INTO Customers VALUES('1e8424c3-12f0-4729-8d62-008cb051f677','张三','13900139001','2026-02-19 15:51:53.081 +00:00','2026-02-19 15:51:53.081 +00:00');
INSERT INTO Customers VALUES('9289a5a4-81cb-4dbe-8ce1-3f6e2f4102fc','李四','13900139002','2026-02-19 15:51:53.081 +00:00','2026-02-19 15:51:53.081 +00:00');
INSERT INTO Customers VALUES('b0069359-dc96-4441-a454-03b67b18d87b','王五','13900139003','2026-02-19 15:51:53.081 +00:00','2026-02-19 15:51:53.081 +00:00');
INSERT INTO Purchases VALUES('47d4bb2d-ff24-4955-8f0e-1109fd8afb18','78f18554-325f-422c-bc8e-ede18f9b3b4c','2026-02-19 00:00:00.000 +00:00',7240,'已结','管理员','','2026-02-19 15:51:53.091 +00:00','2026-02-19 15:51:53.091 +00:00');
INSERT INTO Purchases VALUES('5d3f20ff-e486-42d0-ab38-ef7c4886050a','f79f6696-0ac0-4cb2-95a4-5e46ac59fc4e','2026-02-19 15:56:29.000 +00:00',48000,'已结','当前用户',NULL,'2026-02-19 15:56:58.527 +00:00','2026-02-19 16:07:01.815 +00:00');
INSERT INTO Purchases VALUES('25e0ba2f-dd7c-4cf4-9a58-83989ad93494','f79f6696-0ac0-4cb2-95a4-5e46ac59fc4e','2026-02-19 16:03:31.000 +00:00',19320,'已结','当前用户',NULL,'2026-02-19 16:04:01.815 +00:00','2026-02-20 00:40:16.521 +00:00');
INSERT INTO PurchaseItems VALUES('35f10ed7-1371-4dec-9708-605ce06d00a7','47d4bb2d-ff24-4955-8f0e-1109fd8afb18','86ce8337-7081-4bcc-85e2-94a4968c7b88',10,724,7240,'2026-02-19 15:51:53.097 +00:00','2026-02-19 15:51:53.097 +00:00');
INSERT INTO PurchaseItems VALUES('62bf0fb9-0a62-424b-8bf8-28d985d9b47f','5d3f20ff-e486-42d0-ab38-ef7c4886050a','ae8c9e7e-7e59-41fe-9442-fea24e1d4ba7',5,1600,48000,'2026-02-19 15:56:58.532 +00:00','2026-02-19 15:56:58.532 +00:00');
INSERT INTO PurchaseItems VALUES('65e01591-d6c9-46e3-9187-885803569216','25e0ba2f-dd7c-4cf4-9a58-83989ad93494','ae8c9e7e-7e59-41fe-9442-fea24e1d4ba7',1,1600,9600,'2026-02-19 16:04:01.821 +00:00','2026-02-19 16:04:01.821 +00:00');
INSERT INTO PurchaseItems VALUES('8e9ac2da-c9f9-4361-8fe8-19a2095dda30','25e0ba2f-dd7c-4cf4-9a58-83989ad93494','ae8c9e7e-7e59-41fe-9442-fea24e1d4ba7',1,1620,9720,'2026-02-19 16:04:01.833 +00:00','2026-02-19 16:04:01.833 +00:00');
INSERT INTO Sales VALUES('2e61032c-24ef-420c-bfe3-8dac7c775c15','1e8424c3-12f0-4729-8d62-008cb051f677','2026-02-19 00:00:00.000 +00:00',8200,'已结','管理员','','2026-02-19 15:51:53.101 +00:00','2026-02-19 16:07:40.372 +00:00');
INSERT INTO Sales VALUES('f9adaadd-7105-496f-ba5d-19d8672dea64','9289a5a4-81cb-4dbe-8ce1-3f6e2f4102fc','2026-02-19 15:57:11.000 +00:00',20400,'已结','当前用户',NULL,'2026-02-19 15:57:47.955 +00:00','2026-02-19 16:07:26.618 +00:00');
INSERT INTO Sales VALUES('00c9c6f8-1d1a-405a-91df-400ee71e680a','9289a5a4-81cb-4dbe-8ce1-3f6e2f4102fc','2026-02-19 16:04:17.000 +00:00',54000,'已结','当前用户',NULL,'2026-02-19 16:04:40.667 +00:00','2026-02-20 00:40:24.896 +00:00');
INSERT INTO SaleItems VALUES('b3e1063e-b3a0-4364-b662-2f653abf5f1b','2e61032c-24ef-420c-bfe3-8dac7c775c15','86ce8337-7081-4bcc-85e2-94a4968c7b88',10,820,8200,724,'2026-02-19 15:51:53.104 +00:00','2026-02-19 15:51:53.104 +00:00');
INSERT INTO SaleItems VALUES('78abb29d-c59a-43cc-90c8-39f9036ffa31','f9adaadd-7105-496f-ba5d-19d8672dea64','ae8c9e7e-7e59-41fe-9442-fea24e1d4ba7',2,1700,20400,1600,'2026-02-19 15:57:47.959 +00:00','2026-02-19 15:57:47.959 +00:00');
INSERT INTO SaleItems VALUES('d148318f-62fd-4d79-bb28-cc86ecdf5bd1','00c9c6f8-1d1a-405a-91df-400ee71e680a','ae8c9e7e-7e59-41fe-9442-fea24e1d4ba7',5,1800,54000,1602.5,'2026-02-19 16:04:40.672 +00:00','2026-02-19 16:04:40.672 +00:00');
INSERT INTO Inventories VALUES('86ce8337-7081-4bcc-85e2-94a4968c7b88',5,724,'2026-02-19 15:51:53.087 +00:00','2026-02-19 15:51:53.087 +00:00');
INSERT INTO Inventories VALUES('484a0ed6-6ec2-4b3d-bac2-7687c0fcc7c1',3,743.3300000000000409,'2026-02-19 15:51:53.087 +00:00','2026-02-19 15:51:53.087 +00:00');
INSERT INTO Inventories VALUES('ae8c9e7e-7e59-41fe-9442-fea24e1d4ba7',3,1602.5,'2026-02-19 15:51:53.087 +00:00','2026-02-19 16:04:40.675 +00:00');
INSERT INTO Inventories VALUES('ded664bc-a5c5-4b55-82d3-cef4f07ec058',10,120,'2026-02-19 15:51:53.087 +00:00','2026-02-19 15:51:53.087 +00:00');
INSERT INTO InventoryLogs VALUES('606f4eec-c363-423d-9e26-6dfe135454fe','86ce8337-7081-4bcc-85e2-94a4968c7b88','入库',10,724,'47d4bb2d-ff24-4955-8f0e-1109fd8afb18',15,'2026-02-19 15:51:53.107 +00:00','2026-02-19 15:51:53.108 +00:00','2026-02-19 15:51:53.108 +00:00');
INSERT INTO InventoryLogs VALUES('f902d5e9-2261-4e79-8a27-3d19637c7857','86ce8337-7081-4bcc-85e2-94a4968c7b88','出库',10,724,'2e61032c-24ef-420c-bfe3-8dac7c775c15',5,'2026-02-19 15:51:53.110 +00:00','2026-02-19 15:51:53.110 +00:00','2026-02-19 15:51:53.110 +00:00');
INSERT INTO InventoryLogs VALUES('c0117d98-86bf-4606-ab23-d9dfa47ebed8','ae8c9e7e-7e59-41fe-9442-fea24e1d4ba7','入库',5,1600,'5d3f20ff-e486-42d0-ab38-ef7c4886050a',8,'2026-02-19 15:56:58.539 +00:00','2026-02-19 15:56:58.539 +00:00','2026-02-19 15:56:58.539 +00:00');
INSERT INTO InventoryLogs VALUES('2b175e1f-06a4-4ce0-851a-928012063aa8','ae8c9e7e-7e59-41fe-9442-fea24e1d4ba7','出库',2,1600,'f9adaadd-7105-496f-ba5d-19d8672dea64',6,'2026-02-19 15:57:47.965 +00:00','2026-02-19 15:57:47.965 +00:00','2026-02-19 15:57:47.965 +00:00');
INSERT INTO InventoryLogs VALUES('71c55498-9ae5-45f9-806d-6a9ba78f2f8b','ae8c9e7e-7e59-41fe-9442-fea24e1d4ba7','入库',1,1600,'25e0ba2f-dd7c-4cf4-9a58-83989ad93494',7,'2026-02-19 16:04:01.829 +00:00','2026-02-19 16:04:01.829 +00:00','2026-02-19 16:04:01.829 +00:00');
INSERT INTO InventoryLogs VALUES('bf4469f8-b387-4518-8b63-44aac6437c40','ae8c9e7e-7e59-41fe-9442-fea24e1d4ba7','入库',1,1620,'25e0ba2f-dd7c-4cf4-9a58-83989ad93494',8,'2026-02-19 16:04:01.840 +00:00','2026-02-19 16:04:01.840 +00:00','2026-02-19 16:04:01.840 +00:00');
INSERT INTO InventoryLogs VALUES('619f9331-5906-4993-b7cc-16235f22b132','ae8c9e7e-7e59-41fe-9442-fea24e1d4ba7','出库',5,1602.5,'00c9c6f8-1d1a-405a-91df-400ee71e680a',3,'2026-02-19 16:04:40.678 +00:00','2026-02-19 16:04:40.678 +00:00','2026-02-19 16:04:40.678 +00:00');
INSERT INTO Settlements VALUES('99ac49bc-477b-4fbc-b782-33d2aafc98f2','purchase','5d3f20ff-e486-42d0-ab38-ef7c4886050a','2026-02-19 16:00:00.000 +00:00',48000,'现金','2026-02-19 16:07:01.805 +00:00','2026-02-19 16:07:01.805 +00:00');
INSERT INTO Settlements VALUES('83fc1d22-dc5b-4b7a-9992-092062f0764b','sale','f9adaadd-7105-496f-ba5d-19d8672dea64','2026-02-19 16:00:00.000 +00:00',20400,'微信','2026-02-19 16:07:26.613 +00:00','2026-02-19 16:07:26.613 +00:00');
INSERT INTO Settlements VALUES('60212d9f-cb87-49c7-9228-49dcffc04977','sale','2e61032c-24ef-420c-bfe3-8dac7c775c15','2026-02-19 16:00:00.000 +00:00',8200,'支付宝','2026-02-19 16:07:40.366 +00:00','2026-02-19 16:07:40.366 +00:00');
INSERT INTO Settlements VALUES('91ffbd18-a93d-4493-8d0a-0f5cc3bbad12','purchase','25e0ba2f-dd7c-4cf4-9a58-83989ad93494','2026-02-19 16:00:00.000 +00:00',19320,'银行转账','2026-02-20 00:40:16.496 +00:00','2026-02-20 00:40:16.496 +00:00');
INSERT INTO Settlements VALUES('6d3e4d86-c1da-4d54-8844-1b2c8fb07b97','sale','00c9c6f8-1d1a-405a-91df-400ee71e680a','2026-02-19 16:00:00.000 +00:00',54000,'支付宝','2026-02-20 00:40:24.888 +00:00','2026-02-20 00:40:24.888 +00:00');
INSERT INTO Users VALUES('5ef5c018-b3a9-4d39-a9ee-cb510f60b3c9','admin','$2b$10$1J.XnAb6kvj8devRojUD1.Rl2zMPaoMRHby4G3NRRDfnJZFTen7WS','系统管理员','admin','2026-02-20 00:57:34.098 +00:00','2026-02-20 01:15:57.179 +00:00');
COMMIT;